company,title,description,salary,location,requirements,contact_email,urgency,is_fake
"Fay, Sauer and Armstrong","Legacy Tactics Assistant","Accusantium neque ducimus audax uterque calamitas triduana absens suscipit. Tam beneficium adhaero amiculum correptius verbum coma stips supra adipisci. Capto ars hic acies maiores praesentium aperiam copia necessitatibus doloribus.
Acidus cruciamentum colligo amissio verbum una. Virgo suasoria bibo tepesco conor vulariter depereo tego ocer abscido. Substantia ustilo vestrum non exercitationem beatus.
Toties una dicta solitudo articulus arcus abeo adsum pauper. Eum aut infit. Villa caute arcus thema tremo.","$130470","Davenport","2+ years of experience","Adaline46@fay,sauerandarmstrong.com","Apply by 21/7/2025","false"
"Willms Group International","DISTRICT INFRASTRUCTURE REPRESENTATIVE","UTROQUE VENTITO CIVIS. VIVO CUPRESSUS SUBIUNGO SULUM. COMPONO SUFFRAGIUM CURO.
TUM USTILO COMPLECTUS VERITATIS ADSTRINGO. ADFLICTO DENS ACQUIRO OPTIO SUFFICIO DOLORES PAX CRAPULA. DELEO TAMETSI VERBUM BIS VIX CAECUS CONTEGO DEMOROR.
TUNC VOLUBILIS IN CONFUGO STO BARDUS AVEHO ISTE. BOS CENA DELECTATIO SUMMISSE VOS BENIGNE ADMONEO CONSCENDO AMISSIO TITULUS. SUCCEDO APPARATUS CONSTANS ABSQUE CUI.","$229828 - $831264","REMOTE - ANYWHERE","NO EXPERIENCE NEEDED!!!","Chadd87@gmail.com","IMMEDIATE START!!! LIMITED POSITIONS!!!","true"
"Rempel, Beahan and Lueilwitz","Global Division Representative","Magnam demoror venustas demergo. Appono tantum aestivus. Thymbra amplitudo tondeo audio.
Vitium vespillo alias corroboro cimentarius somnus depono. Caute desino ciminatio delego tam cornu. Crinis cras tondeo fugiat decor careo iusto tondeo tempora tergeo.
Desino dens accendo. Pectus degenero utor cotidie carmen. Trado auctus ultio cattus caterva alveus bos pariatur vesco.","$93312","Norwalk","5+ years of experience","Torrey96@rempel,beahanandlueilwitz.com","Apply by 8/6/2025","false"
"Schiller - Heathcote","District Markets Liaison","Atque fugiat stillicidium celo amo confero provident vesica suasoria vomer. Tamen surculus articulus. Summa sto voluptatem cura socius cupiditate averto adfectus.
Eligendi cohaero aestus voluptatem tracto delego agnitio. Adhuc crebro claro usque uter. Tremo stella cupio vinitor.
Atrox acies comminor tametsi cruentus illo bene. Tui certus neque excepturi peccatus paulatim. Viriliter terror tepidus.","$131567","O'Reillyville","5+ years of experience","Sheridan21@schiller-heathcote.com","Apply by 10/4/2025","false"
"Haley Group International","INTERNAL TACTICS SPECIALIST","IUSTO ADMOVEO CRUSTULUM EAQUE. CUPIO VARIETAS QUIA APPOSITUS VOMITO. TEREBRO TEMPORE CALCULUS DICTA DEPRECATOR VESTER.
AESTAS ADSUESCO SUBLIME THYMUM STATUA SUBITO EXCEPTURI ATROX CREDO. AUDITOR CORPORIS SOLUTIO TOTIDEM ADNUO DECRETUM CUNAE CUBICULARIS. CURA VARIUS AD VALEO TRISTIS ULTERIUS.
CANONICUS VIRIDIS SONO. ATQUI CUR CLIBANUS VICTORIA CORREPTIUS BAIULUS TENER ARGENTUM. ARCA SOLUM CULTELLUS VACO ABUNDANS UTIQUE VERTO ABSENS.","$229552 - $516201","REMOTE - ANYWHERE","NO EXPERIENCE NEEDED!!!","Darlene.Kemmer13@gmail.com","IMMEDIATE START!!! LIMITED POSITIONS!!!","true"
"Ward - Kautzer International","FORWARD CREATIVE ORCHESTRATOR","AESTIVUS COLO CUNAE VACUUS TENAX REICIENDIS MODI DEBILITO. ARTIFICIOSE DEFESSUS AUT CAELUM. TREPIDE UMQUAM DESIDERO.
ET TITULUS NULLA CARIOSUS DOLORIBUS STIPS LABORE. VILITAS DEORSUM ANNUS DEINDE VICTUS CARUS AEGRE CALCULUS. CARIOSUS DEGUSTO DESERUNT.
DECUMBO VOLUPTATES AGNOSCO CUIUS SUPRA DECUMBO. BREVIS AEGRE QUAERAT. TRACTO TARDUS TERGIVERSATIO SUPRA VALENS.","$214990 - $895941","REMOTE - ANYWHERE","NO EXPERIENCE NEEDED!!!","Isadore91@gmail.com","IMMEDIATE START!!! LIMITED POSITIONS!!!","true"
"Bergnaum, Moore and Larkin","International Branding Liaison","Volva curriculum cunae eveniet id sodalitas thema vulnero abundans terreo. Appositus vero suscipio. Cuius theatrum credo ducimus villa utilis commemoro benevolentia demens.
Crux commemoro expedita amissio vestrum adamo. Celebrer blandior suffoco angulus amiculum velit damnatio temperantia crux. Congregatio surgo benigne.
Abstergo voluptates tabernus volutabrum voluptates censura colligo. Adaugeo cornu communis triumphus aro solio tonsor caelestis paens aveho. Ancilla templum fugiat adsum cuius conicio speculum libero adulescens solum.","$147561","Fort Maya","1+ years of experience","Bria44@bergnaum,mooreandlarkin.com","Apply by 31/7/2025","false"
"Dickinson - Harvey","Central Web Agent","Vita nostrum atrox videlicet stabilis ars cubo. Accusator minima aiunt chirographum turpis spectaculum denique soluta tabgo. Sperno appono articulus alter arbustum dolore ulciscor caries.
Nesciunt bene desidero suus vero coruscus bis comes ascit cito. Cohibeo curto beatae. Valetudo deprecator arcesso copiose uterque cinis victus animi.
Cognatus possimus arcus consectetur territo cetera depraedor. Quis cometes celo aperio aut acidus comedo urbs tondeo. Depraedor alienus vomito.","$79123","Hintzfurt","3+ years of experience","Rhiannon_Muller40@dickinson-harvey.com","Apply by 2/11/2025","false"
"Marks - Bartell International","INVESTOR PROGRAM REPRESENTATIVE","ASTRUM CURSIM CLEMENTIA SEQUI. ASPERNATUR CERNO TARDUS CARMEN. CAUTE ATQUI DECRETUM PAULATIM TERO CAUTE.
URBS VORAX AETERNUS QUIS CAUDA AESTIVUS. COLLIGO AMOVEO DECET DEBILITO ACER ASCIT VULGO. ITAQUE DEMITTO QUIDEM ASCISCO CONGREGATIO ABSTERGO PATRUUS.
MOLESTIAE VER CALCO COMMODI SEQUI VELUT VITA. TRACTO VACO TAMDIU ADMINISTRATIO VENTITO VOMITO BENE. IMPEDIT AGNOSCO VERBUM TRADO ACCENDO PLACEAT CAVEO THECA ULLUS.","$446960 - $617302","REMOTE - ANYWHERE","NO EXPERIENCE NEEDED!!!","Duncan_Auer81@gmail.com","IMMEDIATE START!!! LIMITED POSITIONS!!!","true"
"Brakus Inc","Lead Usability Specialist","Uredo certus supra cultura confero averto summa officiis. Cultellus arca curo. Tardus concido allatus culpo.
Despecto appello bibo aspicio stips voluptas caries dens. Cogo confugo cohaero voluptatibus subvenio ullus sed. Adipiscor labore certus veritas textor arca cogito atqui.
Subvenio aspernatur cohors adhaero amplitudo thorax eveniet casso sonitus viridis. Addo sub coerceo contigo commemoro amitto cupiditate calamitas demo vitae. Comburo carbo substantia solutio attonbitus ultio distinctio.","$119810","North Zariastad","4+ years of experience","Amya71@brakusinc.com","Apply by 16/9/2025","false"
"Willms, Thompson and King","Central Response Coordinator","Capto uterque eaque adiuvo adeptio paens charisma surgo necessitatibus provident. Sponte voluptas vestrum. Turpis creptio ter voveo.
Demens turba confero quia consequuntur volutabrum est. Peccatus aggredior aperte claro cogo tepesco ceno esse textor artificiose. Ceno calco abeo sustineo.
Corrupti ipsa dicta utilis antiquus vociferor sui tener. Tamisium videlicet stultus cibo synagoga voluptatem. Sit inflammatio absens crustulum.","$44801","East Geovanny","3+ years of experience","Bradly_Goodwin@willms,thompsonandking.com","Apply by 26/1/2025","false"
"McClure - Rodriguez","Product Research Supervisor","Creptio sunt vulariter viriliter varietas cena clam beatae coruscus. Trepide ara caveo cultellus vesica architecto crustulum ultra volubilis. Ademptio ait ciminatio.
Vitiosus creptio tenus arma vorago conturbo. Magni trepide patria vere. Decor suffoco aduro voluptatem aureus comes amita audax expedita.
Thesis abutor aegrotatio celer ex communis. Apud spoliatio vulnero cornu vestrum torqueo statua voluptatem acervus. Defluo nesciunt adipiscor somnus sodalitas sophismata.","$98303","Mission Viejo","2+ years of experience","Eula3@mcclure-rodriguez.com","Apply by 21/4/2025","false"
"Prosacco, Gusikowski and Beer","Global Intranet Developer","Adimpleo cubo quidem crastinus comis vinum copia bonus amplus. Desipio aurum vir viduo cribro aegrotatio pauper. Cupio amita illum tot cubicularis tergo.
Velociter coepi vita ea ocer. Vinum defungo crapula. Esse amor trado sub chirographum stipes trans deporto.
Utique peior spoliatio. Amplexus speculum vigor cur circumvenio tamdiu credo vito. At corporis tolero defungo.","$84677","North Kamryn","3+ years of experience","Brett67@prosacco,gusikowskiandbeer.com","Apply by 21/12/2025","false"
"Spencer - Yundt International","CHIEF ACCOUNTS ASSOCIATE","TALIO CUPIDITAS UMBRA COGITO SUBVENIO TOTAM TRIUMPHUS CONCULCO VERO. CENA CASTE VILIS ILLO TUBINEUS ARTIFICIOSE SUBIUNGO DOLOR CENA. CRUSTULUM BLANDITIIS CURO PECTO CUSTODIA CAECUS ARTICULUS ACCEPTUS ARMARIUM.
DOLORUM EXPEDITA RATIONE ANIMADVERTO CONTEGO APTO TEXO TAEDIUM VINUM. LABORE PORRO TERMES ABSORBEO AETERNUS TABERNUS CULTELLUS. COEPI AUCTUS SUSTINEO CREDO NULLA CREO QUISQUAM CONSTANS ADULESCENS.
SUGGERO DEMUM BENEFICIUM ANIMUS CLAMO SPICULUM AMITTO CURIS THECA SOLUM. VOLO FACILIS THEOLOGUS AMPLITUDO. VORO DECRETUM CIMINATIO.","$256933 - $993930","REMOTE - ANYWHERE","NO EXPERIENCE NEEDED!!!","Javier_Labadie@gmail.com","IMMEDIATE START!!! LIMITED POSITIONS!!!","true"
"Feil - Kovacek","National Factors Administrator","Deorsum aestus dignissimos ager tot currus subiungo utilis. Aspicio velut adimpleo cernuus totus assentator delego ambitus conturbo eaque. Cogito temptatio crastinus trado adeo pecco basium conatus.
Aiunt suscipio vaco venustas advenio subito non a. Admoneo cernuus accusamus varius campana triduana. Tenax universe adamo consequuntur coepi articulus tam.
Usus ulciscor blandior pectus asporto deduco. Cuppedia necessitatibus placeat conscendo. Veritatis canonicus tristis amoveo amaritudo tandem thema patria aro casus.","$51049","Schummburgh","2+ years of experience","Mathew_Conroy@feil-kovacek.com","Apply by 17/9/2025","false"
"Thompson - Schamberger International","HUMAN INTEGRATION SPECIALIST","COERCEO PAUCI SOPOR ASTRUM CHARISMA ILLUM QUAS SUMO TURPIS VINDICO. CAPTO DOLORES ULCISCOR ARBUSTUM TREDECIM VOLUPTATIBUS ATAVUS BENEFICIUM. FACILIS CIBUS SAEPE TRISTIS VOTUM.
NOBIS PAUPER CUSTODIA TIBI SAEPE. VELUT COMMINOR CICUTA NAM THORAX PLACEAT. AMOR DECENS TESTIMONIUM ILLO.
ACCENDO SULUM PECTUS LIBERO ASPICIO DEDECOR CRIBRO. AGNOSCO QUAM CAUTE BASIUM EIUS PATROCINOR AESTUS. ERROR VAPULUS NOSTRUM CRUDELIS.","$239916 - $619007","REMOTE - ANYWHERE","NO EXPERIENCE NEEDED!!!","Torey_Shields@gmail.com","IMMEDIATE START!!! LIMITED POSITIONS!!!","true"
"Labadie - Littel","International Optimization Officer","Brevis crepusculum vesco cribro sperno calcar cometes nobis apparatus. Vix velum delinquo adhuc turba abbas ter omnis. Derideo pax laboriosam.
Animadverto debitis magni aestas culpa totus vulgaris numquam. Defleo vir contabesco victoria temeritas. Advenio amicitia anser.
Aduro adhaero itaque aegre alii cultura tenus cur surculus attero. Sapiente temporibus adfero blanditiis sum tenax sursum tumultus cubitum creo. Tergiversatio aurum dapifer beatae complectus utilis nulla aegrotatio utor.","$59866","Billings","1+ years of experience","Florencio58@labadie-littel.com","Apply by 29/9/2025","false"
"Bartell LLC","Dynamic Integration Developer","Clamo sui despecto. Reprehenderit spero conspergo tremo torrens culpo voluptates cultura aliquam. Avarus apparatus viriliter nisi.
Aegrus corrupti vicinus aspicio confero. Summopere theca cupio copiose. Absens et celo.
Deorsum defluo astrum aegrotatio autem. Ad sono adulescens exercitationem tribuo. Adhaero ex vestrum vesper dens.","$134971","Vaughnboro","5+ years of experience","Jalon_Nader80@bartellllc.com","Apply by 9/3/2025","false"
"Koelpin, Wiza and Renner","Corporate Integration Planner","Vulticulus studio verbum. Aequus cognatus velum totam. Excepturi censura maiores animus curia arca sed.
Deserunt combibo alter atrox ut absum verecundia unde vomica civis. Aequitas decumbo stipes. Caste sequi volo despecto appositus altus delinquo.
Statim abbas quis demoror ara baiulus animadverto. Sunt conforto subseco uterque sophismata decretum. Bellicus vestigium agnosco vetus advenio stipes crux solus truculenter.","$111073","West Vivianne","3+ years of experience","Rhea13@koelpin,wizaandrenner.com","Apply by 5/11/2025","false"
"Hudson, Cummings and Daniel International","GLOBAL MOBILITY ARCHITECT","VULTICULUS AER CREBRO CIMENTARIUS ARGUO PATRIA AMPLITUDO COPIOSE. ATTONBITUS UTILIS CARPO. CANIS CUBO CONTEGO VICISSITUDO TURBO.
VITAE ACCOMMODO QUO DECUMBO TRICESIMUS CARIOSUS. CRIBRO OCER TALIO ABSORBEO CONOR ADMIRATIO. TANTUM VOLVA CAELESTIS FACERE VICTUS CLAM.
COGITO CRASTINUS TAMISIUM ASCIT TERMES DEFLUO SUSPENDO ACCUSATOR. APTO EXPEDITA CASUS CORPUS TYRANNUS DESPARATUS BEATAE. TURBO ALIUS ACSI CRETA TABULA CRINIS BENEFICIUM ALIQUAM ADAUGEO ADSUM.","$216285 - $597156","REMOTE - ANYWHERE","NO EXPERIENCE NEEDED!!!","Stephon54@gmail.com","IMMEDIATE START!!! LIMITED POSITIONS!!!","true"
"Hoeger Inc","National Markets Representative","Claudeo decens textor admoneo. Communis aut tempora voco ter velociter ratione. Crapula delicate vinco placeat amiculum basium torrens succurro validus studio.
Molestias absens qui abbas. Trucido truculenter vilitas. Tergeo vespillo doloremque.
Quisquam bestia certus confero. Vita comptus defero. Minus alius dapifer sustineo totam surgo dolor.","$89142","Brownfurt","4+ years of experience","Josiane40@hoegerinc.com","Apply by 3/10/2025","false"
"Russel and Sons International","FORWARD METRICS SUPERVISOR","TUNC CICUTA CENTUM TEXTOR. AEQUUS SOLUTIO STELLA TURPIS COMPREHENDO ATAVUS BIBO VESPILLO. AENEUS PERSPICIATIS SUADEO COHAERO.
CULPO COMPELLO COMMUNIS DESPECTO TABGO CIVITAS ASPER. CUSTODIA CIBUS QUIS VILICUS PECTUS VINUM ANGULUS. ACCENDO VINITOR CALCULUS AENEUS ACCUSANTIUM COHORS DESERUNT ADSIDUE ALIUS CREBER.
CURIOSITAS VERUMTAMEN TEMPTATIO VITO UNDIQUE COMIS ACSI PECCO. SUM AMPLEXUS VOMICA ACCUSANTIUM VINITOR CATENA VOMER DESPARATUS. ARGUO CADO VILICUS ANSER VITA.","$291452 - $879001","REMOTE - ANYWHERE","NO EXPERIENCE NEEDED!!!","Stephan.Cruickshank@gmail.com","IMMEDIATE START!!! LIMITED POSITIONS!!!","true"
"Barrows - Schaden","Forward Tactics Associate","Canonicus comis audio abeo volva. Suggero unus infit aureus ipsa decretum vulticulus deficio amplitudo tergo. Succurro crebro valeo error curtus vir advenio delibero adficio clementia.
Tabernus magnam autem creo voluptas claustrum quidem adversus contabesco aeneus. Derideo ventosus audacia succedo videlicet adsuesco quis. Ante tonsor asper utilis caput illo atrocitas ventosus tepesco.
Arca vacuus officia volva vilicus arca dens. Ubi a amiculum venio virga commemoro cuppedia carus adfero. Appello sursum ceno decerno culpo impedit magnam.","$110101","Port Nicholausbury","5+ years of experience","Juanita.Prosacco@barrows-schaden.com","Apply by 25/8/2025","false"
"Johnson, Orn and Bauch","Lead Metrics Facilitator","Canto volaticus claustrum cruciamentum. Sopor deprecator voco verus cubitum amplexus cognatus. Suppono abbas tenus ventosus possimus officia antea cuius cometes.
Amo fuga ultra. Coruscus voluptas vulticulus confero. Contabesco suscipit admoveo circumvenio adnuo.
Bellicus delibero tandem ancilla vigor. Quod animadverto consectetur. Uter substantia arguo summa valetudo solum subnecto deserunt tredecim approbo.","$52012","Fort Madelineworth","4+ years of experience","Matteo31@johnson,ornandbauch.com","Apply by 8/10/2025","false"
"Roberts Inc","Legacy Brand Architect","Atque coma conqueror. Traho accendo illo deputo terebro. Deinde tribuo adversus ait circumvenio odio usque.
Cruciamentum antea conservo aperio. Vociferor adfero vilitas. Circumvenio thymbra uberrime fugiat bellum curis arceo clementia ulciscor alter.
Curatio ab coaegresco approbo absorbeo dolorem suscipio cresco. Conforto curriculum delego enim alienus fuga viduo. Comedo catena adnuo vulgo sui asper crepusculum turpis cado sodalitas.","$82662","Bolingbrook","4+ years of experience","Ines_Cartwright86@robertsinc.com","Apply by 18/8/2025","false"
"Kautzer - Hilll","Chief Solutions Representative","Fuga substantia concido sol. Angulus tersus dapifer vilitas cursus repellendus audacia. Blanditiis tui benevolentia crudelis victoria canonicus.
Voluptatem vicissitudo compello amplexus acidus. A conqueror curia cito. Addo adimpleo ascisco talus abundans.
Ventosus debilito derideo vestrum fugiat claudeo ambitus voluntarius illum. Aedificium damno usitas cursim. Canis consectetur sollers tabella hic audax.","$73174","Carlsbad","4+ years of experience","Esmeralda.Kihn40@kautzer-hilll.com","Apply by 6/6/2025","false"
"Lueilwitz, Hilll and Sipes International","CORPORATE QUALITY ARCHITECT","ARCESSO SUFFOCO TEXTILIS VERECUNDIA ALIQUAM. VULGO UMBRA CAPITULUS CONIECTO CETERA AMBITUS ADFECTUS IURE. TENUS BLANDIOR ADMOVEO ARTICULUS AENEUS DESERUNT SUM SUNT UTERQUE.
CONFUGO DESIDERO TABESCO SUBSECO SUMPTUS. VOLUTABRUM CAREO ODIO URBANUS TERGO VOS. VERSUS DEMONSTRO APPROBO TEGO CRUCIAMENTUM AUDIO CURRUS CATTUS CANTO UTOR.
CLARO MODI AMARITUDO AGER CONATUS ASSUMENDA. BREVIS AGER DEMUM DEBILITO VINDICO UMQUAM USTILO AMO DEDUCO. CALCULUS A CONQUEROR.","$102868 - $748885","REMOTE - ANYWHERE","NO EXPERIENCE NEEDED!!!","Dora.Hettinger11@gmail.com","IMMEDIATE START!!! LIMITED POSITIONS!!!","true"
"Ledner - Schinner","Forward Functionality Consultant","Delectatio traho valde umbra. Depromo patria condico adopto solus dapifer. Cogo amplus contego adeptio cerno eveniet statim.
Ceno templum calculus tardus succedo surculus certe creo aedificium. Depulso taceo animi trucido ducimus saepe aurum terror. Tondeo cilicium tametsi.
Vomito credo triumphus atrox molestias. Adsum ter thymbra ademptio tripudio conduco. Celebrer quo convoco vereor.","$132915","Goyettehaven","5+ years of experience","Daisy.Ondricka@ledner-schinner.com","Apply by 9/1/2025","false"
"Jaskolski Group International","CHIEF MARKETS ADMINISTRATOR","ARA TANTUM DECET TONDEO HARUM DOLORE. SPECTACULUM CORRUPTI TEREBRO INCIDUNT FACERE TRICESIMUS CAPILLUS SIT ACCEDO. ASSENTATOR SUM PRAESENTIUM TEXO TEMPTATIO TRICESIMUS CELO.
AVEHO ALII VALDE AETAS VITAE. ADDUCO TENEO ACER. CILICIUM NESCIUNT AUTUS VILICUS ABUTOR TUM FUGIT CONGREGATIO THYMBRA.
AEDIFICIUM TRADO STIPS. QUAS ABSORBEO CERTE ANTEA TENUIS CEDO CINIS CUPIDITAS. SUCCURRO ARO CANIS TEMPTATIO VOX DEMO CAPIO VERTO DEORSUM.","$428708 - $851259","REMOTE - ANYWHERE","NO EXPERIENCE NEEDED!!!","Gene.Cormier@gmail.com","IMMEDIATE START!!! LIMITED POSITIONS!!!","true"
"Kreiger - Leannon","Global Response Facilitator","Caecus armarium synagoga tergum absorbeo vinculum uterque curriculum. Quasi tricesimus somnus suscipio harum creo paens. Crastinus dolores amplitudo.
Tredecim vespillo vulgus. In comburo absum suppellex defluo cultellus delego. Aperiam bellum nobis nisi tabesco facere.
Voluptates temporibus culpo temperantia pauci tepesco congregatio vestigium consequuntur. Derelinquo modi damno synagoga stipes dens ante adsum adeo dolor. Vaco coaegresco voluntarius artificiose aetas.","$63758","Weldonfield","4+ years of experience","Caleigh58@kreiger-leannon.com","Apply by 17/1/2025","false"
"Weimann Inc International","INTERNAL CREATIVE REPRESENTATIVE","VESICA ADDUCO VETUS ADDO VITIUM CARPO TURPIS CURO. AESTUS VOMITO ADDO SUMPTUS VERSUS TEMPTATIO DEGUSTO. VOLO TERGUM CONVENTUS LABORIOSAM COMPELLO.
VIA VIRGA ARGUO TERGA ASPERNATUR AMISSIO TOLLO ATAVUS SURSUM ABSQUE. SUFFICIO ALII VOLUP CREATOR ACCUSATOR ALIQUA INFIT AVARUS VOLUPTATEM DEPONO. ADSUM DEMULCEO ARTO ADEMPTIO ACCENDO.
BIBO PERSPICIATIS PAUPER POSSIMUS VOBIS UNDIQUE AMPLITUDO. INFLAMMATIO CARIOSUS CIRCUMVENIO ADDUCO DENUO. URBS VERUS CASTE EOS EXPEDITA.","$348624 - $651312","REMOTE - ANYWHERE","NO EXPERIENCE NEEDED!!!","Freddy46@gmail.com","IMMEDIATE START!!! LIMITED POSITIONS!!!","true"
"Lind and Sons","Dynamic Tactics Administrator","Deleo ciminatio usque. Sit commodi angelus cibo bos abbas animi. Defendo ustilo decens valens deleniti tendo comparo magni volva.
Aurum in clementia voluptatem tergum curtus officia confugo. Urbanus velum nulla blandior coepi soleo audeo tum acceptus centum. Tergo spero utrum.
Venio carpo itaque. Dens vesper tergiversatio terga defendo calcar. Cohors tubineus ambitus charisma bonus.","$84278","Waipahu","1+ years of experience","Elnora_Crona37@lindandsons.com","Apply by 22/4/2025","false"
"Ernser - Keeling","Future Data Manager","Ars ventosus conatus vitium brevis attollo certus tamisium cultellus compono. Omnis aequitas pecus victus. Defaeco arbor auxilium capitulus aggredior aqua utique.
Degero voveo tener ullus possimus decumbo. Tardus solutio tui desino defaeco. Crepusculum fugiat coepi comedo somnus sublime caecus alii surculus deripio.
Sponte quos voluptatem demergo verto ut. Advenio coniecto cinis tametsi advenio. Contigo sublime ubi asper.","$50174","North Adelbertton","3+ years of experience","Rossie_Gottlieb@ernser-keeling.com","Apply by 9/9/2025","false"
"Moore, Cormier and Nader","Human Brand Associate","Cur utique dolore vacuus conscendo magnam trado tres. Quae valens tempora caste convoco stips ante decens. Deludo uxor decipio aetas demonstro consequuntur accedo varietas animus.
Ventosus vereor argumentum tabgo thymbra conturbo adinventitias copia cohaero. Uredo crinis stultus tantum aptus torrens decumbo basium. Claustrum confido pauper sonitus.
Catena stipes ceno. Sodalitas thorax quis spes ante audio baiulus aggero demo. Callide carbo corporis turbo aegrus patruus conor desolo apto.","$133781","Yorba Linda","5+ years of experience","Mercedes_Feest62@moore,cormierandnader.com","Apply by 2/6/2025","false"
"Breitenberg, Stiedemann and Upton","Investor Intranet Representative","Defendo solitudo advenio a arbor casso culpa supplanto cattus. Claudeo vulticulus veniam. Placeat crustulum velut spargo ascit.
Cauda amicitia vero tui. Crapula demergo cohors verbum artificiose pariatur celer. Amo tremo vinum facilis certe.
Aeger vehemens stella suscipio tergiversatio quis cicuta. Apud optio audax tabula quisquam curatio. Calco sortitus adeo thermae socius.","$107365","Lake Herta","4+ years of experience","Orval80@breitenberg,stiedemannandupton.com","Apply by 4/2/2025","false"
"Hermiston, Orn and Murray","Corporate Web Agent","Peccatus ventus conduco attonbitus rerum voluptatibus tener ad defendo vulgaris. Cresco aureus et bellum addo cubo. Acidus utilis bestia teneo cuppedia defungo demitto ea amplitudo.
Deficio cohibeo comitatus viscus arguo tactus viscus aegrotatio. Pecto angelus comptus atavus capio summopere thermae. Cognatus laudantium custodia.
Arguo vergo ubi repellat. Soleo delicate aqua cometes sono textilis. Defero carus cresco celebrer aro anser curvo apostolus amoveo fugit.","$127151","Farrellfort","5+ years of experience","Zola2@hermiston,ornandmurray.com","Apply by 29/8/2025","false"
"Kertzmann Inc International","CHIEF MARKETING DESIGNER","SORTITUS APPELLO SUSCIPIO UTERQUE CANTO. SAEPE ABUTOR TALIO LABORUM TRISTIS TAMISIUM VIRTUS DEGUSTO TERGUM TESTIMONIUM. AD SPES COERCEO ARO SOLUTIO DEPONO.
CRINIS VITAE AUDITOR VINITOR SAEPE VOLUTABRUM BARBA QUAM DELICATE VOLATICUS. TABERNUS XIPHIAS PRAESENTIUM QUAERAT. TANTILLUS PECCATUS VIDELICET SUSCIPIO.
STABILIS AGGERO TERGUM. ABSUM ATROCITAS UTRUM NUMQUAM OFFICIIS ISTE. BESTIA COMPELLO DEPEREO ANIMADVERTO AVARITIA DOLOR.","$257347 - $640783","REMOTE - ANYWHERE","NO EXPERIENCE NEEDED!!!","Adan.Anderson83@gmail.com","IMMEDIATE START!!! LIMITED POSITIONS!!!","true"
"Stehr LLC International","DIRECT PROGRAM REPRESENTATIVE","ARBUSTUM TER AETAS VIDELICET OFFICIIS CLAMO. CATERVA NON SUPPONO SUPPONO EX CIBUS ADEPTIO. VULPES DEMERGO ODIO URBS TERREO CUBICULARIS.
VERITAS APPARATUS CATENA COMITATUS VIDELICET. ARA TIMOR PLACEAT. COMPARO BLANDITIIS TRANS TOTIDEM TOTIDEM AUDACIA TERTIUS.
OCER COMMUNIS CONFIDO. APERIAM CONCULCO ODIO DEPONO TERO TURBO. CONSECTETUR UNUS CARCER DOLOREM SUMMISSE.","$293079 - $965052","REMOTE - ANYWHERE","NO EXPERIENCE NEEDED!!!","Veda37@gmail.com","IMMEDIATE START!!! LIMITED POSITIONS!!!","true"
"Wolff, Labadie and Ortiz","Customer Accountability Representative","Deprimo cibo altus cum combibo ab. Cervus adsuesco depopulo eum. Tabgo thesaurus vivo spiritus perspiciatis.
Vitiosus maxime spargo sonitus amitto timidus. Debeo soluta ipsa. Adipiscor summisse turbo consectetur.
Defendo trucido cibo ver cado eum creptio anser deleniti calculus. Ambitus velit dolorem talus. Tot conqueror reprehenderit suadeo infit sublime omnis vesica assentator stultus.","$53955","Euclid","2+ years of experience","Ernestine66@wolff,labadieandortiz.com","Apply by 18/9/2025","false"
"Casper - Carroll","Customer Creative Designer","Peccatus amor arcus deporto. Victoria angelus viriliter vaco ex corrumpo reprehenderit compello. Quasi cado distinctio spes angulus.
Amor bibo adversus cariosus. Soluta virtus thema tamisium cariosus est valens vilitas quam. Hic vilitas pauci voluptatum.
Rem crastinus aggredior vallum video ventosus caterva vallum nihil arbustum. Accusamus deserunt depraedor dignissimos aestus sordeo aestivus canto. Stipes atavus custodia.","$136508","Lake Cyril","5+ years of experience","Charlotte31@casper-carroll.com","Apply by 16/6/2025","false"
"Gottlieb - Heathcote","Internal Branding Strategist","Adhuc deputo centum thema sortitus astrum valde. Demo depraedor vulariter victus. Deleniti templum volutabrum velum perferendis.
Accedo aduro accusantium. Ancilla calamitas ater suffoco verbum iusto curo thema vigilo voveo. Vapulus sublime curiositas agnosco.
Nam spiculum vulgo desino tactus aegrus copiose alius. Suffoco careo nesciunt spero tego architecto decet strenuus tubineus. Doloremque alveus altus voluptatem stella.","$125994","Armstrongshire","1+ years of experience","Gerry.Sporer42@gottlieb-heathcote.com","Apply by 6/1/2026","false"
"Wilderman and Sons International","LEAD PARADIGM ARCHITECT","FUGA CREDO COHORS NUMQUAM ARCESSO DEPROMO AMOR AMOVEO. INCIDUNT TOTIDEM DELIBERO USTILO DELECTATIO VULPES TUI. SUFFOCO VERBUM QUOS.
SPECULUM LABORIOSAM CONVENTUS. SODALITAS TRADO SUBLIME ARCEO CUMQUE. ANIMADVERTO CREPTIO REPELLAT APTUS AURUM DENEGO VOLUPTATEM.
VESPILLO ET DEORSUM STATIM ALTER DEGUSTO TURPIS VOTUM SIMILIQUE PLACEAT. CLIBANUS AENEUS PATRIA. DEBILITO TENUS CANTO.","$318963 - $574383","REMOTE - ANYWHERE","NO EXPERIENCE NEEDED!!!","Cielo.Botsford-Schumm98@gmail.com","IMMEDIATE START!!! LIMITED POSITIONS!!!","true"
"Huel, Funk and Skiles International","INTERNATIONAL PARADIGM SPECIALIST","CONVOCO CAELESTIS VELIT SUSTINEO CICUTA COLO TRES VOS TEPIDUS. APPROBO BALBUS CASUS ADSUM BENEFICIUM CERTUS DISTINCTIO. CRAS VULGO STELLA DESINO THALASSINUS CEDO.
PECTUS TAMDIU TACTUS PECCO CORPUS SOLEO AENEUS. SOL TERGEO CUNCTATIO STILLICIDIUM. CULPO PECUS IURE AER AER VELOCITER ARCESSO MINIMA CURATIO.
TEREBRO BOS VINITOR APERIAM COMPREHENDO CONFIDO TALIO NEMO VESCO. TERGUM ANNUS THEATRUM DEFICIO QUAE. OFFICIA TARDUS DEFETISCOR VELUM VIVO CLARO VOVEO SOLLICITO PECCATUS CENTUM.","$476796 - $882137","REMOTE - ANYWHERE","NO EXPERIENCE NEEDED!!!","Karli_Purdy@gmail.com","IMMEDIATE START!!! LIMITED POSITIONS!!!","true"
"Goodwin, Wilkinson and Rosenbaum","Customer Applications Strategist","Aveho amoveo veniam maxime. Sequi paens conitor derideo. Sublime at basium asporto chirographum vulpes sumo sufficio verus.
Caterva deludo caute caput abutor adstringo. Abscido adulatio vesica depono comptus subseco tergo arto adflicto carcer. Vigilo concedo ocer vesica clarus antepono conculco caput.
Vado amplitudo volva cura atqui tactus valde vicinus cohaero atqui. Eveniet aeternus tenetur veritatis auditor nemo barba. Tepesco quaerat arceo solium aestas animi cribro.","$65748","North Emery","2+ years of experience","Jules84@goodwin,wilkinsonandrosenbaum.com","Apply by 9/5/2025","false"
"Ward - Jakubowski","Product Accounts Liaison","Eos sint molestias alienus arma beatus. Tum itaque volaticus. Abutor alter summa decimus numquam aeneus tabesco acervus.
Trans tametsi tamen soleo. Valens ratione clementia hic spiritus maxime optio. Sursum umbra vesper.
Quod esse defleo delego rem. Copia maxime ambitus claustrum. Cariosus compono caritas turpis comburo veritatis vinitor quos.","$67829","Port Shyann","3+ years of experience","Cecelia11@ward-jakubowski.com","Apply by 15/11/2025","false"
"Stiedemann - Erdman International","NATIONAL INTEGRATION DIRECTOR","VULARITER SINT ANCILLA ALII TUM APPROBO AUCTUS LABORUM. AGER CURRUS CLARO TEPIDUS CORROBORO CONOR DEPEREO ADNUO CENO ALIQUID. DESOLO AMO BELLUM CENTUM VILICUS VOLUPTATES VERSUS VESTRUM.
TRUCULENTER SUMMISSE AEQUITAS. CARUS CUPPEDIA PAUCI PAUCI VOLVA SOLUTIO COGO BARBA. TERES CONSCENDO CARIOSUS QUAERAT THORAX DOLORUM VILITAS.
CONTABESCO CRAS CALCO TAMQUAM. AMITTO SOCIUS COTIDIE ARGENTUM ADFECTUS. VULGIVAGUS PAULATIM ADEPTIO AMBITUS VOCIFEROR ACERVUS.","$129108 - $692724","REMOTE - ANYWHERE","NO EXPERIENCE NEEDED!!!","Liana_Gulgowski24@gmail.com","IMMEDIATE START!!! LIMITED POSITIONS!!!","true"
"Braun, Wolf and Ferry","Global Infrastructure Associate","Possimus dens versus comis cultellus doloribus. Tumultus subito vix adversus calculus culpo vir provident magni at. Calculus adinventitias ars quae animus communis degenero acidus torrens.
Sumo cuppedia compono attollo patior thorax artificiose. Acsi temperantia comprehendo comptus campana claro. Dolore creber maiores ascisco nostrum.
Aperiam minima tamdiu adsum infit valeo collum illo placeat. Valde ver altus torqueo debeo delicate. Delectatio comes usus ocer vitiosus arceo.","$138451","Herzogchester","5+ years of experience","Alvah.Schaden29@braun,wolfandferry.com","Apply by 10/9/2025","false"
"Gorczany and Sons","Legacy Solutions Analyst","Centum dedico patrocinor volutabrum beatus tabula amet spiculum. Accusamus totidem derideo commodo deludo urbs colo carbo denuo uberrime. Vetus teneo cogito testimonium arbitro tempora libero.
Videlicet animus defero ullus adeptio denego vesica venia. Perferendis cunabula accusator solio. Veniam repellat tepesco.
Comburo auctus tepesco terminatio adversus. Tergiversatio praesentium distinctio tabgo utroque denuo deorsum tergeo. Subiungo uxor recusandae decipio vigor pectus.","$38398","Kevonport","1+ years of experience","Evert_Kling@gorczanyandsons.com","Apply by 24/4/2025","false"
"Wisoky LLC","Global Security Manager","Temperantia comitatus titulus timidus asporto. Animadverto molestias super vomer ulterius taedium curso. Velum utilis commodo crebro cursus cupiditate conor est capitulus confido.
Conor capio vespillo cupiditate absum vilitas caritas coepi admiratio comprehendo. Admiratio vulariter vix tribuo. Sonitus atavus coepi.
Defungo vulgivagus tendo solitudo. Coruscus ubi sui derideo victoria cibus. Maiores conicio sponte eligendi tres.","$40664","New Joanny","4+ years of experience","Deborah79@wisokyllc.com","Apply by 2/7/2025","false"
"Wiegand, Hyatt and Thiel","Legacy Data Technician","Cupressus tepidus theca atrocitas crinis adiuvo defessus. Quaerat verumtamen ducimus ipsum aliquid attollo depulso demitto. Sulum subseco volva desolo similique comburo coniuratio.
Pax audax uxor arceo nulla copiose terra sapiente barba teneo. Ut deporto delectatio ademptio suscipit. Adaugeo dens trepide abduco dedico canto fugit defetiscor soleo valeo.
Solvo omnis cunctatio cibo temptatio basium. Culpo voluptatibus auxilium thermae theatrum patruus. Demo trucido stipes talis.","$68585","New Xzavier","5+ years of experience","Kacey.Bradtke95@wiegand,hyattandthiel.com","Apply by 28/10/2025","false"
"Dietrich Inc International","NATIONAL FUNCTIONALITY PRODUCER","THECA COGNOMEN COGNATUS CONSUASOR. OFFICIIS BOS STILLICIDIUM QUOD VERBERA ATTERO COMPTUS. DEFETISCOR ASSENTATOR TRIUMPHUS VULGO TENEO CIMINATIO CORRUPTI.
TREDECIM ADFECTUS CARUS ALIOQUI. TERGA CUR TRICESIMUS CUSTODIA VOLUPTATIBUS. TRADO CONCIDO CIBO ACCOMMODO VINUM CORONA DENS CORONA COPIA VOLUTABRUM.
ANTIQUUS VERSUS CRIBRO SORTITUS AETAS DEMERGO ANGELUS. VERITAS SUSCIPIO DECUMBO ALTER APOSTOLUS ID MODI. CRUX ACCUSATOR ASTRUM VELUT BEATUS CRESCO.","$224420 - $735432","REMOTE - ANYWHERE","NO EXPERIENCE NEEDED!!!","Brendan_Turcotte77@gmail.com","IMMEDIATE START!!! LIMITED POSITIONS!!!","true"
"Treutel - Haley","Future Response Supervisor","Utilis textor cunabula volubilis conqueror arx. Soleo auditor casus fuga bonus qui tondeo ceno. Animi laboriosam ventito cubitum acceptus vos uter similique clarus.
Baiulus crustulum stultus amo cavus desparatus certus adduco tergiversatio. Substantia utor verbum facilis veritatis abeo demens claustrum utpote. Adsum arcus advoco ars vapulus eligendi.
Adhaero appello titulus ab spiritus vel cilicium. Recusandae delego vestrum advoco odit dolorum vociferor. Tactus cibus tandem sol nemo.","$121974","Huntington Beach","1+ years of experience","Philip_Frami38@treutel-haley.com","Apply by 22/3/2025","false"
"VonRueden, Goyette and Ratke","International Integration Consultant","Quaerat contego tyrannus triumphus. Vesco consequuntur attero subseco callide valde vallum versus. Usque accusamus demulceo subiungo capio cometes cenaculum caritas.
Studio tamisium universe possimus thymbra. Averto ancilla cogo adduco. Demitto capillus arto aegrus cena arto carpo adamo incidunt somnus.
Eos terra laboriosam utique recusandae acervus. Pecto curvo suasoria delego stabilis thorax ullam tabesco comis utilis. Desipio temeritas virga stultus suggero appello volva.","$46045","Hermannmouth","5+ years of experience","Lavon27@vonrueden,goyetteandratke.com","Apply by 11/2/2025","false"
"Cormier and Sons","Human Usability Developer","Conor illo neque temptatio supra comprehendo crur conitor. Exercitationem vilis vinitor. Cuppedia vulnus comburo exercitationem casso commemoro video cariosus.
Delinquo certe pectus delicate calcar autem vinum crapula. Cariosus vulnero vilis. Abscido bos aiunt.
Consequatur ea quaerat quasi. Terebro admoveo patrocinor tero. Comptus sol eaque eum.","$40372","Johnschester","2+ years of experience","Tracey21@cormierandsons.com","Apply by 29/1/2025","false"
"Fadel and Sons International","CORPORATE METRICS MANAGER","TAMETSI TEMPERANTIA VORAGO EXERCITATIONEM AVARITIA. ABDUCO TENETUR CUMQUE ALTUS VULGARIS DECIMUS UNDIQUE SOLUM. PAULATIM ADIPISCOR SUBLIME USTULO.
ACQUIRO CIVITAS COLOR UMBRA. TEXTILIS PAUCI AUDENTIA DEPOPULO DAPIFER SPECIOSUS VETUS OCCAECATI. SOLLICITO ADMINISTRATIO VOLUPTATIBUS ASPERNATUR SAEPE VENTUS COLO.
SPONTE ALIQUAM PLACEAT DESIPIO CREBER TABERNUS. AVARUS CRIBRO MAGNI SUPPELLEX ATQUE ACQUIRO AUTEM DAMNATIO. MINIMA CHIROGRAPHUM COGITO VIRILITER AESTAS PARIATUR.","$157267 - $968474","REMOTE - ANYWHERE","NO EXPERIENCE NEEDED!!!","Chet_Harvey@gmail.com","IMMEDIATE START!!! LIMITED POSITIONS!!!","true"
"Krajcik, Schamberger and Collins International","PRINCIPAL CREATIVE SUPERVISOR","VIDELICET CURIOSITAS VELUM COMMUNIS BENE ID. VINUM ANIMUS CORREPTIUS DEPORTO VACO AEGROTATIO TRUCIDO SOLEO OCER. COMITATUS APPONO DENUNCIO.
ACCUSANTIUM ARTO APERIO BELLUM NULLA CULPA AGER VINDICO. CRAPULA ABSCONDITUS VINCULUM UMQUAM VIDEO TEPIDUS REPELLAT TERSUS SUCCEDO. CORUSCUS TEMPORA SPARGO NOSTRUM CHIROGRAPHUM CAPILLUS.
VITAE ASSUMENDA PAENS CONFIDO. DOLORES ARS TRUCIDO. COMPTUS VIGILO DECENS ATQUI DEFAECO NOSTRUM.","$249694 - $896851","REMOTE - ANYWHERE","NO EXPERIENCE NEEDED!!!","Golda.Bins81@gmail.com","IMMEDIATE START!!! LIMITED POSITIONS!!!","true"
"Wuckert, Weissnat and Cronin","Corporate Branding Officer","Umerus repellendus canonicus abbas aliqua tergum vacuus vulnus viscus ceno. Solio porro caries admoneo adopto unde timor apto aqua carcer. Credo carus decerno praesentium libero numquam dolores.
Quaerat pecto adsidue solio casso congregatio. Ademptio viridis crastinus sopor. Adhuc vilitas acies tero.
Admitto armarium deputo consequatur cupressus. Ceno quia cubo demum trans vinco. Urbs conservo theologus tener tutamen vitiosus tamen ante adopto tempus.","$39079","Bradenton","4+ years of experience","Louie_Daniel27@wuckert,weissnatandcronin.com","Apply by 4/5/2025","false"
"Leffler Inc","Customer Markets Liaison","Carpo ait corroboro subnecto alii tempus cupio. Umbra commodo adnuo cado socius tantum cogo explicabo synagoga. Casso atavus suffoco.
Vita tergum voluptatibus. Comitatus trado curis vesco. Tempore bos magnam copia arguo cimentarius antiquus succedo strues dignissimos.
Cometes adhaero tardus angulus tutis speciosus urbanus curatio. Ambitus apostolus dolores varietas excepturi vel cometes cubitum. Libero repellat suscipit decet cruentus valeo clibanus adaugeo tempora ceno.","$65707","Phoebefurt","1+ years of experience","Gabe_Waelchi-Rice70@lefflerinc.com","Apply by 31/1/2025","false"
"Ward, Koch and Hills","Corporate Usability Engineer","Pecus aranea necessitatibus textor pel magni artificiose. Casso vesica beatae strues compello soleo velut torqueo verus deleo. Summisse conitor nulla ventito necessitatibus vapulus articulus.
Tametsi barba excepturi conscendo ager somniculosus. Sordeo strues utique cursus admoveo nisi. Suppono articulus compono esse suadeo cognatus.
Odio cenaculum pel maiores eligendi. A vomica creptio cetera atrox stips aeneus. Aperte suspendo terreo tres tandem arto.","$55122","Roobstead","5+ years of experience","Jake55@ward,kochandhills.com","Apply by 1/1/2026","false"
"Weissnat, Dietrich and Marvin","Senior Markets Coordinator","Caelum sublime ducimus. Utor super caecus. Cupressus tempus aliqua varius nisi recusandae spargo tenuis volaticus utpote.
Congregatio termes chirographum utroque validus. Celebrer solitudo saepe abutor earum coma animi quibusdam usque. Tremo aeger desipio sunt adhuc itaque alveus repudiandae tenetur.
Porro audentia allatus deludo abstergo qui stabilis adipisci. Illum vel aer vel terreo depulso constans tardus avaritia. Sublime mollitia nam conspergo aro adeo.","$109255","Considineport","1+ years of experience","Urban.Smith@weissnat,dietrichandmarvin.com","Apply by 11/6/2025","false"
"Ernser and Sons","Principal Integration Orchestrator","Placeat acer deludo capillus. Corroboro crebro benevolentia tergo quod ter vigilo. Validus demoror turba excepturi cornu tenuis quidem.
Atque deludo somniculosus chirographum stillicidium non tabesco comparo cado attonbitus. Similique caterva stips earum quas. Verbum ante bardus vesper vinum.
Facilis tardus terga tot curriculum agnosco taedium. Decens vetus solus currus amissio careo vesco. Succedo venia ad aestus depono degero cibus pecco ducimus.","$90062","Athens-Clarke County","3+ years of experience","Suzanne.McDermott33@ernserandsons.com","Apply by 31/10/2025","false"
"Stroman LLC","Internal Program Producer","Adimpleo at ipsum varius nesciunt. Vomito iusto utroque. Odit celo defero appositus aperte curiositas tersus talis.
Magnam sono terra architecto unde tantum triumphus agnosco adsuesco. Ara contra ceno decretum confido sui venia canto. Cornu vorago adulescens.
Caste cohibeo abutor apto. Debitis amet dolorum somnus agnitio carus aduro maiores. Demo ultio porro venia denuncio crustulum quidem vulgus.","$103056","Myrticefield","1+ years of experience","Claudie54@stromanllc.com","Apply by 13/8/2025","false"
"Stiedemann - Wintheiser","Senior Group Manager","Benevolentia conspergo labore caelum confugo attonbitus earum dedecor. Comparo repellat coaegresco cum tremo celer spargo tandem altus. Virga cumque celebrer conculco chirographum.
Surculus nemo censura caute pax caveo certus vulpes. Cunctatio vinitor reiciendis utilis demo canis cui volaticus comis abduco. Spargo accusamus vilitas.
Culpa rem contego conturbo victoria demitto decet cibus. Cunae cur celebrer quam custodia. Depereo absque curso adinventitias agnitio cibo.","$65849","Alyceview","5+ years of experience","Benedict_Kuvalis-Hauck14@stiedemann-wintheiser.com","Apply by 10/9/2025","false"
"Gorczany - Bailey","Direct Web Planner","Ullus abbas concedo ultra admiratio altus. Vere ambitus spoliatio aqua. Unde denego celer cogito.
Adversus vilitas accusator ustilo sui caelestis. Uberrime auxilium decor colligo strenuus cuius tam uxor. Quam cruciamentum cohibeo defluo exercitationem virtus sufficio.
Cariosus ventito ab possimus temporibus vester aqua aequus. Talus acies censura teneo officia vivo crustulum strenuus xiphias. Curtus supplanto desipio tardus vivo bene incidunt vere aufero.","$128107","Dallas","1+ years of experience","Herman.Conn@gorczany-bailey.com","Apply by 22/3/2025","false"
"Bartell - Johnston","Corporate Quality Facilitator","Solutio supplanto iste bis minima dapifer subvenio abscido caput volubilis. Sunt blanditiis unde decerno cerno. Thymum stips pectus ante enim deprecator sperno terror dens nobis.
Baiulus tum audio decumbo causa abbas depraedor tabesco cogo apud. Casso vereor blanditiis abutor aliqua acerbitas absque vel. Vix praesentium defero asperiores certe cavus.
Itaque aranea arbitro tum cinis despecto ustulo deleo vorago. Arcesso saepe utor adhuc toties terreo incidunt. Thymbra deprecator crudelis antiquus adamo.","$52948","Marcelinoboro","5+ years of experience","Roger63@bartell-johnston.com","Apply by 16/1/2025","false"
"Crist, Skiles and Heidenreich","Forward Identity Director","Dolorum adipisci nisi cetera. Universe mollitia molestiae aiunt tactus. Corrupti ventus sapiente comminor tabgo abeo doloremque sumptus consequuntur.
Thymum spiritus fugit cursus sodalitas thesis sit patruus. Nemo adinventitias summopere delectus turba vester. Aegrotatio subseco colo.
Caput vomica averto cerno arceo tutamen paens utrimque sol deleniti. Quibusdam benevolentia comparo bardus. Crepusculum quibusdam quasi tergum deserunt atrox temperantia timidus absens.","$103920","Kaleyburgh","5+ years of experience","Jarrett.Schneider38@crist,skilesandheidenreich.com","Apply by 24/2/2025","false"
"Jacobs and Sons International","CENTRAL FUNCTIONALITY ENGINEER","ADSUESCO SUI VENTOSUS TRIBUO. TYRANNUS DESINO PATRIA ASPERNATUR DEINDE. CALCULUS TONSOR SOLUTA SINT STATUA.
DEMONSTRO CLAUDEO TER EXCEPTURI TRIUMPHUS ILLUM TENEO AUT. CASSO LABORIOSAM ADFERO USTILO COGO VEL TOTAM. VOVEO REPELLAT CUR DELECTATIO BONUS QUAM INFLAMMATIO VILITAS COGO.
VENIA TAMDIU VERITAS CRUENTUS TEMERITAS VIRGO ARMARIUM. ODIT ALIENUS SUI SIMILIQUE AMBITUS ADICIO CELO. VOMICA BARDUS DICTA VILLA.","$340635 - $892850","REMOTE - ANYWHERE","NO EXPERIENCE NEEDED!!!","Rafael2@gmail.com","IMMEDIATE START!!! LIMITED POSITIONS!!!","true"
"Barrows, O'Connell and Reinger International","NATIONAL OPTIMIZATION ADMINISTRATOR","AVEHO PATIOR BARDUS CURVO CONDUCO ADMINISTRATIO AETERNUS ASCIT VERBUM ANTE. THESAURUS DEFETISCOR VERTO VAPULUS CORROBORO ARA NESCIUNT. CELER TURPIS COMPARO CAVUS SOLIUM.
ACIES AESTAS IURE ACERBITAS AVERTO. CORRUMPO DESIDERO VOLUPTAS REICIENDIS ULLUS VULPES ALIAS VERITAS SUPELLEX AETAS. ANTIQUUS TUTAMEN USQUE MINIMA.
CIBUS DESPARATUS COMMODO TERMINATIO SURGO DESINO MODI. ADDO CORONA QUAERAT CAUTE. TEPESCO VOLUPTATUM ADMINISTRATIO ANTIQUUS SUFFICIO ASPERNATUR CLIBANUS ULCISCOR BENE ABSENS.","$392331 - $674678","REMOTE - ANYWHERE","NO EXPERIENCE NEEDED!!!","Odell3@gmail.com","IMMEDIATE START!!! LIMITED POSITIONS!!!","true"
"O'Conner LLC","Corporate Interactions Producer","Adipisci saepe caute conatus arx nesciunt. Recusandae surgo speculum sponte quaerat ascisco aliqua atqui. Curo complectus ater conduco theatrum strenuus argumentum crastinus agnosco casso.
Nulla acquiro soleo coepi. Sol thorax tot confugo succurro. Sumo curriculum tabula cribro velit valde contra inventore.
Demergo subnecto adulatio. Tamen dolorem audio et astrum vulgaris terga venia sopor voluptatum. Bonus vitium vitiosus.","$68222","Ziemannfield","3+ years of experience","Isobel_Kuvalis96@o'connerllc.com","Apply by 23/1/2025","false"
"Farrell - Wuckert International","CORPORATE FUNCTIONALITY DESIGNER","FUGA VOMITO TITULUS VIGILO VACUUS SURCULUS APPONO CARIES TEMPUS. VOS VOVEO VINITOR ASSENTATOR AUT DESERUNT. CANTO PATIOR CERVUS ATROX DEMITTO CASSO AMITA APERIO.
CORRUMPO AEQUITAS UNUS ABSCIDO ID. AEQUITAS AUDITOR INCIDUNT UNDE ADHAERO TUI VENIAM EXPEDITA. BOS CAPILLUS ALIQUAM.
COMETES QUIS ADAUGEO COTIDIE ULTIO IPSUM CAMPANA TARDUS PAUCI VISCUS. ABUNDANS SPERO DEFUNGO VESPER QUO CAECUS DEPUTO. ABSUM CENACULUM EOS CAVUS ARCUS.","$101843 - $679730","REMOTE - ANYWHERE","NO EXPERIENCE NEEDED!!!","Ruben.Hartmann60@gmail.com","IMMEDIATE START!!! LIMITED POSITIONS!!!","true"
"Gottlieb - Altenwerth","Direct Data Supervisor","Trado surculus custodia terror alter depopulo nam aqua arcus. Hic canonicus tamisium maxime vergo. Terga stips velum vulticulus bardus clementia canonicus esse.
Coaegresco demergo angelus terreo. Adsidue tricesimus aegre nisi cometes tantillus usque tergum urbanus. Tripudio dedecor suspendo numquam deleo cubicularis aegrus.
Claustrum utor supplanto defaeco curso cupressus solutio. Adopto admitto confido vigor. Tabgo arx thesis aliquam timor ventus aggredior suus debilito aptus.","$94496","Breanneboro","5+ years of experience","Drake.Walker23@gottlieb-altenwerth.com","Apply by 26/4/2025","false"
"Feeney, Schneider and Runte","Chief Tactics Analyst","Creo iste copiose. Cupressus torqueo nemo. Decerno deludo acies acceptus magni.
Subiungo terga cursim addo textor delibero valeo complectus cursim amo. Eveniet arbitro demoror succurro benevolentia. Appositus brevis repudiandae cui tonsor credo denique vehemens attonbitus.
Ancilla unus demonstro theca confero sequi. Eos aliqua conqueror. Cedo vitium vivo annus acer colligo velociter similique curis ambitus.","$115857","New Mercedes","3+ years of experience","Arnulfo66@feeney,schneiderandrunte.com","Apply by 17/3/2025","false"
"Hegmann, Kiehn and Kertzmann","International Factors Facilitator","Cenaculum eos patria carus. Dapifer comprehendo succurro clementia tamen tantum deserunt. Alius tricesimus adamo curia ulterius decipio nemo supra.
Vinco supplanto error chirographum sonitus veritas decerno culpo dolorem. Pecto statua repellat comis vir alias demonstro aqua. Maiores ipsum doloremque error sulum concedo arma triduana antiquus.
Turba conor suppono terebro comedo demo theca supra incidunt veniam. Damnatio decumbo blanditiis comminor valetudo. Conor adipisci termes.","$131802","Gibsonbury","1+ years of experience","Alene49@hegmann,kiehnandkertzmann.com","Apply by 9/7/2025","false"
"Wisoky, Stamm and Buckridge International","INTERNAL TACTICS ASSISTANT","PAUPER SOLIO AIT. AESTAS CIBO SPERO CUPIDITAS CURATIO CAMPANA. SUI TREDECIM BELLICUS BELLICUS.
VINITOR STIPES ADFLICTO SOPOR VER EAQUE TURPIS. ASPER CONSUASOR CLEMENTIA DENUO REPELLAT TERROR NON CONSECTETUR DEPONO ARANEA. VELIT DEFESSUS VENIAM TORRENS PECCO SPARGO USTULO CONFIDO CURSUS.
SPIRITUS ARA VINUM. CAPTO CONVOCO ADSTRINGO ANCILLA BAIULUS DECERNO SPES DENEGO THYMUM SOLUS. TREDECIM ADMOVEO INFIT.","$459759 - $577423","REMOTE - ANYWHERE","NO EXPERIENCE NEEDED!!!","Garland.Cummings67@gmail.com","IMMEDIATE START!!! LIMITED POSITIONS!!!","true"
"Goodwin Inc International","LEAD COMMUNICATIONS SPECIALIST","ARCUS CRASTINUS CITO TANDEM ABSCIDO ADULATIO VOMITO. TOTUS CURTO VALENS DEDICO CAPUT AEQUITAS INFLAMMATIO. VELIT ARTO THYMUM SOCIUS NESCIUNT TEXTUS.
APTUS ARO AMOVEO TAM VIGILO CREBRO. DAMNO TEMPERANTIA ADAUGEO AD USUS CRUENTUS. DELUDO ADULESCENS DEFERO SUNT SUBNECTO UBI DESINO.
COGNATUS REICIENDIS DEMERGO VACO BEATUS SUSPENDO UTROQUE DOLOREM CONSEQUATUR. ASPER DEMUM COMMUNIS CRUCIAMENTUM. RERUM VAPULUS APERIAM TALIS UNIVERSE FUGIAT CELO AUCTOR.","$461701 - $595180","REMOTE - ANYWHERE","NO EXPERIENCE NEEDED!!!","Liza.Kuhic-Cole@gmail.com","IMMEDIATE START!!! LIMITED POSITIONS!!!","true"
"Turcotte - Muller","Direct Markets Orchestrator","Quia sum valde delego adficio deleo eveniet beatae. Conventus sumo conculco pax vapulus triumphus. Debeo claudeo strenuus agnitio vinco desolo paulatim ademptio subiungo.
Adsuesco utique video paulatim temptatio suffragium omnis. Rem atque in sulum. Tersus tutis magnam ascit decimus voluptate.
Ancilla uterque comburo vobis. Amiculum quasi tenetur cura. Iste tamisium cometes cresco vomer considero defetiscor ulciscor.","$138624","Reinabury","5+ years of experience","Darien.Kiehn@turcotte-muller.com","Apply by 13/6/2025","false"
"McLaughlin, Pollich and Runte","Corporate Metrics Architect","Sunt admoneo conatus uberrime coepi claro. Texo argumentum abduco tabella cuppedia. Amitto antea sit cunctatio sortitus aiunt tricesimus denique degusto decerno.
Dicta video terminatio coadunatio assumenda cogito thermae deduco. Sapiente comminor accendo voluptatem cupiditas inflammatio. Considero delinquo uredo.
Undique neque vis amplexus doloribus tripudio uterque sit certus depulso. Infit vulnero curso pecto cotidie. Clibanus uredo vos tricesimus tricesimus degero aggredior condico annus.","$124084","Myrticetown","3+ years of experience","Aida16@mclaughlin,pollichandrunte.com","Apply by 13/12/2025","false"
"Miller, Nikolaus and Bashirian","Forward Infrastructure Liaison","Creator statua tamen optio laboriosam caterva. Contigo molestias thalassinus. Cumque tot cumque arceo.
Sumo vulticulus crux tergum deprimo velum commodo. Beneficium comitatus tripudio demergo atrocitas. Viridis tum vulpes reiciendis laudantium.
Sum strues atrox tener atqui adsuesco. Fugiat ulterius uberrime cohibeo. Audentia coniecto universe.","$119916","Horaceborough","2+ years of experience","Jordan.Dare32@miller,nikolausandbashirian.com","Apply by 7/2/2025","false"
"Ebert, Emard and Dare International","NATIONAL ASSURANCE DESIGNER","DEFESSUS DELICATE CURTUS CARIES VIRGO TERMINATIO EXPLICABO SUSPENDO. VICISSITUDO AUDACIA ADDUCO TEMPTATIO REPELLENDUS DESIPIO FACILIS STO. CREDO TUI REPUDIANDAE CURRICULUM QUAS CLAUSTRUM DEBILITO CAELUM PATROCINOR DOLORE.
OFFICIIS STUDIO TENUS TITULUS SOLEO CINIS DESIPIO ACER TERES. CURO CERTE ADMINISTRATIO. SOLUM VILIS ATQUE SUB VITIUM CORRUMPO XIPHIAS DEPEREO VULGO BENEVOLENTIA.
CADO CANONICUS AEGRE ACCUSANTIUM AGGERO OCER. CURIOSITAS ARCESSO QUI AENEUS. SIT COMMEMORO SUPPELLEX.","$400600 - $503063","REMOTE - ANYWHERE","NO EXPERIENCE NEEDED!!!","Caleb.Bednar20@gmail.com","IMMEDIATE START!!! LIMITED POSITIONS!!!","true"
"Koch, DuBuque and Roob","Product Mobility Designer","Deludo audentia tollo creta. Articulus culpa bestia ulterius stipes tamdiu balbus allatus cura. Articulus ullus pecto.
Crastinus speciosus sustineo bibo molestias. Videlicet tumultus comis. Usus vitium usque corona chirographum anser reiciendis vindico suus.
Sequi trans peccatus ademptio comburo et abstergo. Arbitro nihil spes avarus vilis. Defungo statim verbum tener.","$141355","East Jonasborough","2+ years of experience","Lonny23@koch,dubuqueandroob.com","Apply by 30/8/2025","false"
"Borer Group International","PRODUCT RESEARCH ASSISTANT","CIBUS CONGREGATIO VULNERO VULPES ARTO SUBLIME SOLUTIO. ABSUM COPIA ASTRUM. VACUUS NEQUE ULLAM VOLUPTATES COMEDO CUR ASPERNATUR TERREO.
AVARITIA LABORUM TALIO CLIBANUS VARIUS LABORE IUSTO. AUDITOR CONSECTETUR DEMULCEO ADSIDUE DEDUCO CORUSCUS. UREDO ACCUSANTIUM DEBEO TUTAMEN.
DECIPIO ARANEA LIBERO DOLORE ANTEA ANNUS CONSEQUUNTUR ADHAERO ALO. A TEMPTATIO VIRTUS DOLOR ARX FUGIT NAM CARIOSUS APUD CONTIGO. SOLUS BIBO CUBITUM CARMEN CURSO.","$136564 - $632526","REMOTE - ANYWHERE","NO EXPERIENCE NEEDED!!!","Adelbert.Nikolaus-Klein@gmail.com","IMMEDIATE START!!! LIMITED POSITIONS!!!","true"
"Abernathy - Jenkins","Customer Applications Administrator","Aliqua odit sufficio vilitas a tutamen debilito crur ver. Cupiditas quod desino usque cum catena amplitudo perspiciatis enim. Sodalitas dedecor adduco dolorum dens cado.
Enim aduro curia comburo derideo arbitro benigne demulceo natus. Triduana demergo celer deduco. Tabgo expedita pecco solutio paens adfectus quod.
Patior comprehendo unde cometes. Vix confero comminor sublime. Aedificium cras uter ullus civitas coaegresco terreo cupiditas.","$39199","Skilesstad","3+ years of experience","Marlon33@abernathy-jenkins.com","Apply by 31/5/2025","false"
"Barrows, Kohler and Homenick","Principal Usability Associate","Carmen terreo acervus delinquo suffragium ara autem sollicito verumtamen. Approbo porro beatus socius. Alienus et voluntarius accommodo carcer sui tempore aranea alveus acidus.
Abstergo vere viridis arto quidem voluntarius. Ullam decet sortitus. Asper coniuratio solio aedificium thymbra.
Coma accommodo tabella adsum cerno comis conqueror desipio aegrotatio. Speculum stillicidium thalassinus terreo maiores collum dolor. Subnecto conculco depono comptus cur vulgaris.","$145061","Lake Johnnie","1+ years of experience","Braeden45@barrows,kohlerandhomenick.com","Apply by 9/7/2025","false"
"West - Conn","Global Branding Supervisor","Celebrer cursus tabernus sunt eos defessus deludo amaritudo valens libero. Theatrum suadeo apparatus error occaecati tabula molestias. Cenaculum creo coerceo contra porro sumo.
Textor civitas tunc tyrannus adeptio. Subnecto audax spargo ocer sum celer. Votum rerum nobis civis ipsa apparatus.
Ab volubilis cibo voveo tumultus asperiores demens. Bardus thymbra vereor cupiditas perferendis laudantium defendo. Civitas demonstro terror tandem alii decor commodi compono depromo.","$98198","New Reneehaven","2+ years of experience","Kristofer.Emmerich7@west-conn.com","Apply by 6/9/2025","false"
"Stehr, Gerlach and Schmeler International","DISTRICT MOBILITY STRATEGIST","VESICA VADO APOSTOLUS SUMO ADIPISCOR NOBIS QUIA PECCO. AQUA ALIQUA PEL SUPRA STABILIS REPUDIANDAE ANIMADVERTO CARITAS SOLIO SUMMISSE. VITAE TERSUS ALIOQUI CURATIO SAPIENTE TENETUR.
ADSTRINGO CAPITULUS VERSUS. MAIORES CREO TAEDIUM CLAMO VIDELICET ENIM DAMNATIO DEBITIS CONSERVO SUMMA. A CIVIS STATIM PEL ABSCIDO MOLESTIAE COMA.
ANSER CUPPEDIA ADULESCENS ADMINISTRATIO DESPARATUS TERO SPONTE. CULPO DESERUNT TEMPORIBUS LABORE CORRUMPO ATTONBITUS. CHIROGRAPHUM DICTA ID AMPLUS PAX CONFORTO.","$356181 - $803680","REMOTE - ANYWHERE","NO EXPERIENCE NEEDED!!!","Jayson.Weissnat@gmail.com","IMMEDIATE START!!! LIMITED POSITIONS!!!","true"
"Schuster - Olson","Dynamic Web Designer","Adicio tenuis accendo sono cimentarius. Cervus paens articulus claustrum. Angelus admoneo apud vinitor.
Ulterius chirographum suadeo aperio terebro conforto coniuratio. Curiositas umbra quia beneficium. Currus thesis sub corrupti tonsor vereor titulus caries tolero.
Adduco canis desipio adimpleo urbs charisma calamitas vomer deinde pel. Calculus vaco angulus conor amor. Odit adeo deorsum aurum succurro amaritudo.","$109462","North Raegan","3+ years of experience","Paris40@schuster-olson.com","Apply by 17/4/2025","false"
"Rau - Roberts","Human Accountability Architect","Virtus cognatus cetera capio aperte iusto recusandae. Tandem abscido demoror. Veritas termes veritas vulgaris appello adulatio cura utpote summa velit.
Summa adflicto dedico blanditiis audio aperio desidero caute. Et desino conicio acsi. Magni amplitudo amicitia aspernatur tui substantia vivo curtus cenaculum.
Laboriosam ante terebro damnatio. Damno tempore aperiam libero arca. Terra spargo taceo aptus sulum nemo decretum venio vorax terga.","$100041","Fort Emilio","5+ years of experience","Ora.Hauck@rau-roberts.com","Apply by 4/7/2025","false"
"Hills, Friesen and Steuber International","LEGACY PROGRAM ARCHITECT","ASSUMENDA VILICUS CORPORIS COHIBEO SOLLERS SUMMA VULGO SED INVENTORE SURSUM. TERTIUS ALVEUS SOLLICITO. UT QUASI REICIENDIS UBI THESAURUS STULTUS.
VENIAM CONDUCO IN TAMISIUM REPREHENDERIT. ADFECTUS DEMO CONSEQUUNTUR SUASORIA VERBERA. QUISQUAM PECTO DEBITIS DEDECOR.
VERO CIVITAS DIGNISSIMOS APPARATUS REICIENDIS AEDIFICIUM THALASSINUS VERSUS AEQUITAS. COMPELLO VILICUS ASPER CURIS CIMENTARIUS ATTONBITUS CENA ACCEPTUS CRUX PAX. VESPER REPELLENDUS ADSIDUE CAUDA URBS DEMO ACER.","$256073 - $711554","REMOTE - ANYWHERE","NO EXPERIENCE NEEDED!!!","Narciso_Ullrich45@gmail.com","IMMEDIATE START!!! LIMITED POSITIONS!!!","true"
"Rogahn, Lueilwitz and Lockman","Internal Quality Developer","Auctus advenio suffragium ademptio velociter thesis tergeo amoveo placeat. Corrupti aegrus absens pecco. Balbus canto tracto triduana compono sopor adhuc comminor umbra.
Aspicio stultus uter deleo patrocinor laborum terga villa. Vigilo thesis bonus triduana. Adsidue aeneus caelum thymum vado.
Tepesco odit tenetur vergo barba valeo conor dapifer. Tabesco earum super. Quis quod quaerat.","$145990","Mohrville","2+ years of experience","Esther.Flatley@rogahn,lueilwitzandlockman.com","Apply by 8/1/2025","false"
"Schneider, Wyman and Runolfsdottir International","INTERNATIONAL ACCOUNTABILITY DIRECTOR","COMPTUS SOLUS AMOVEO DELIBERO CARMEN. QUISQUAM VENUSTAS VITAE ARCA BARBA ASTRUM VOCIFEROR CALAMITAS QUIDEM. ANTIQUUS SOLEO CREPTIO VESPER.
TERGO AVARITIA SUMMISSE TONSOR. STRENUUS CONDUCO TAMQUAM BARBA TERRITO PRAESENTIUM SUMMA NAM. ACIDUS SIT DEDUCO PARIATUR TERES.
AD THESAURUS SPES. CAPUT TUBINEUS VERO ANGELUS. CHIROGRAPHUM PEL EXPEDITA TRIBUO CELEBRER.","$475558 - $772107","REMOTE - ANYWHERE","NO EXPERIENCE NEEDED!!!","Kaelyn.Gorczany86@gmail.com","IMMEDIATE START!!! LIMITED POSITIONS!!!","true"
"Johns, Orn and Fadel","Senior Communications Technician","Testimonium sodalitas vita sollers utrum. Ulciscor bibo odit testimonium neque argentum derideo. Conitor tres soleo summa solium conor cena correptius animadverto.
Concedo vinculum voluptatem tener demo. Caelestis dicta vereor laborum volva arto comprehendo. Deduco accusamus tribuo.
Placeat crinis umquam ducimus. Tracto excepturi vinum. Succurro carpo aliqua.","$36124","Lake Audreanne","3+ years of experience","Sheila75@johns,ornandfadel.com","Apply by 30/4/2025","false"
"Greenholt, Watsica and Jacobson","Lead Usability Specialist","Suscipio depopulo verecundia accusator abundans ara defluo fugit asporto. Dedecor ambulo suscipio aestus quisquam. Ars contra aedificium.
Caterva cinis sollers nemo volup. Cenaculum amitto voluptates paens suspendo deripio varius tantum. Despecto deporto defleo accusantium teres theca toties conscendo.
Capto admitto campana synagoga caelum vapulus carbo adhuc voluptates. Antepono toties adflicto astrum sponte artificiose vitium cado denique succurro. Dolore uredo defetiscor quisquam aegre subito amo.","$34289","South Roselyn","3+ years of experience","Elinore13@greenholt,watsicaandjacobson.com","Apply by 4/11/2025","false"
"Ernser LLC","Central Response Planner","Cubo repellendus ab. Torqueo adfectus cupressus volo dolor sponte ubi toties possimus. Sollicito cupio magni autus accommodo unde trans tibi voluptatibus.
Coruscus spoliatio viriliter virtus deludo. Conservo absum cunabula. Argentum totidem ciminatio stipes.
Basium conculco vomer degero solvo vere ratione agnosco pel arceo. Absum vaco adiuvo aegrotatio curia vomer. Curvo repellat celer attonbitus ullam totam damnatio ulterius vociferor.","$79898","Isacmouth","3+ years of experience","Pete56@ernserllc.com","Apply by 19/6/2025","false"
"Konopelski - Hintz","Chief Accountability Producer","Eius bibo convoco possimus vobis animi tutamen numquam pel surculus. Taedium officia demo quae aut arca tabella. Nulla subnecto eaque turba strenuus.
Curvo accommodo verus. Patruus dignissimos tredecim amplexus tabula. Demergo asperiores celer videlicet confido.
Ipsa contigo valetudo supra verumtamen. Patria textilis villa laudantium campana. Tam voluptatibus iure color balbus thema brevis.","$67119","East Los Angeles","5+ years of experience","Pablo_Pollich91@konopelski-hintz.com","Apply by 24/2/2025","false"
"Vandervort LLC","Chief Applications Liaison","Apto suadeo amiculum verbera arx adipiscor delego tepidus. Creator charisma utrimque subseco error. Demonstro comis contabesco video dens.
Textor varietas adopto. Aqua corrumpo vilicus vicinus volva denuo vorax tibi attero. Ante defluo carus deludo volaticus.
Cubitum demum tenetur sub comminor subseco ustilo tener thalassinus. Alii umbra suadeo succurro tener totam amaritudo crustulum demoror. Carcer accusantium astrum.","$61621","Amirabury","3+ years of experience","Adan_Marks93@vandervortllc.com","Apply by 29/1/2025","false"
"Schimmel, Cremin and Jacobi","Corporate Integration Liaison","Ara careo ascisco bellum sed. Venustas pecco facere thesis coaegresco statua adeptio denuncio tumultus. Laboriosam thalassinus viscus comes perferendis conatus maiores tamquam averto.
Spoliatio clarus demitto exercitationem patior complectus rem. Appono patria adversus tripudio. Sto caries volubilis.
Ultio supplanto bene qui tot cometes vester vicinus. Carmen thesaurus truculenter tepesco accedo defluo cilicium. Despecto adopto tribuo libero.","$96202","Tannerville","4+ years of experience","Dorian7@schimmel,creminandjacobi.com","Apply by 18/5/2025","false"
"Ondricka, Ankunding and Grady International","HUMAN RESEARCH FACILITATOR","FUGIAT PATROCINOR LAUDANTIUM DISTINCTIO TARDUS VULGARIS CARUS CLAM PECCO ARCESSO. SUMPTUS REPELLENDUS CURSO AURUM APTO COAEGRESCO NOBIS. VILICUS COPIA COLLUM AUXILIUM CRETA AGO DEGENERO SUM.
ACQUIRO ATTERO AESTIVUS CLAM TYRANNUS VOLUNTARIUS ALTUS ARGUO ANTEA DOLORIBUS. REPREHENDERIT DAMNATIO ODIT PECTUS ACCUSAMUS USUS TEMPUS TANDEM. URBS VALLUM TERO DECENS DEBEO CREPTIO ASTRUM ADSUESCO CONDUCO.
ABUNDANS AMITA HIC ADULATIO DEPOPULO. VELUT CAVEO AUDITOR. ANSER SUBSTANTIA CELER ATAVUS ADIPISCI CONSEQUUNTUR DECOR TENAX AVARITIA.","$174067 - $796740","REMOTE - ANYWHERE","NO EXPERIENCE NEEDED!!!","Brice.Stehr39@gmail.com","IMMEDIATE START!!! LIMITED POSITIONS!!!","true"
"Little, Kassulke and Schinner","Future Accounts Engineer","Acquiro vorax cuius ait tersus benevolentia astrum. Argumentum aedificium calculus venustas bellicus cibus amita. Ad sui expedita.
Ubi cunctatio confero conforto creptio clam decimus quidem turba. Solvo comparo adversus utique canto libero in. Uredo tubineus aetas audax ab cognatus.
Traho tactus cattus. Tui mollitia deludo eos. Minima tamisium compono turpis calco articulus.","$129183","North Ara","1+ years of experience","Ricky_Stehr@little,kassulkeandschinner.com","Apply by 21/6/2025","false"
"Thiel Inc","Direct Accountability Analyst","Adinventitias depopulo aveho super. Incidunt aestus reprehenderit demergo calco. Expedita audacia animus.
Caelum ulterius curia angustus tutis adulatio aggero acsi facere verto. Vorago accommodo adsuesco vicinus speculum suadeo. Tricesimus defendo quaerat.
Alii illo viriliter. Tres acer maiores temptatio auctor ager paens cuius libero creta. Incidunt nihil annus quae.","$60073","Walkerchester","3+ years of experience","Paula_Towne60@thielinc.com","Apply by 6/5/2025","false"
"Rogahn - Wilderman","Central Accountability Executive","Denique aliquid derelinquo tum cribro veritatis quaerat corporis totus deduco. Vulgus creptio adsuesco desolo suffoco amet. Non carbo aggredior aestas tardus advoco ocer surculus ustilo.
Carmen vigor audeo debilito valde creta. Depono verto perspiciatis repellendus cenaculum blandior volo timor vigor comminor. Error crinis facilis despecto civis vulnus abundans canonicus vespillo adamo.
Uredo decimus eveniet uxor subseco tametsi thorax caecus. Degenero sono dolore terror cubitum carpo. Adipisci quam nemo.","$133687","Lake Rosaliaburgh","1+ years of experience","Alvis62@rogahn-wilderman.com","Apply by 12/4/2025","false"